{"cameraMode":{"drawMode":0,"name":"Shaded","section":"Shading Mode"},"sceneLighting":true,"audioPlay":false,"sceneViewState":{"showFog":true,"showMaterialUpdate":false,"showSkybox":true,"showFlares":true,"showImageEffects":true,"showParticleSystems":true},"in2DMode":false,"pivot":{"x":9.344587326049805,"y":20.432483673095704,"z":-22.83598518371582},"rotation":{"x":-0.3865869343280792,"y":0.24485333263874055,"z":-0.10723970085382462,"w":-0.8826676607131958},"size":10.0,"orthographic":false}